Workbook

Sheet Food_Ratings
A1: Restaurant ID | B1: Restaurant | C1: Cuisine ID | D1: Cuisine | E1: Location | F1: Region | G1: Rating /10 | H1: Value for Money | I1: Portion Size | J1: Would Return
A2: F020 | B2: 1915 Lanzhou Beef Noodles | C2: CHI | D2: =VLOOKUP(C2,CuisineLookup[],2,FALSE) -> Chinese | E2: Haymarket | F2: =VLOOKUP(E2,LocationLookup[],2,FALSE) -> Sydney CBD | G2: 9 | H2: Good | I2: Large | J2: Yes
A3: F018 | B3: Buttered | C3: KOR | D3: =VLOOKUP(C3,CuisineLookup[],2,FALSE) -> Korean | E3: Chippendale | F3: =VLOOKUP(E3,LocationLookup[],2,FALSE) -> Sydney CBD | G3: 8 | H3: Poor | I3: Medium | J3: Yes
A4: F010 | B4: Dough Sisters | C4: DLI | D4: =VLOOKUP(C4,CuisineLookup[],2,FALSE) -> Deli | E4: Edmonson Park | F4: =VLOOKUP(E4,LocationLookup[],2,FALSE) -> South-West Sydney | G4: 8.5 | H4: Poor | I4: Medium | J4: Yes
A5: F009 | B5: Flakys | C5: BRI | D5: =VLOOKUP(C5,CuisineLookup[],2,FALSE) -> British | E5: Oran Park | F5: =VLOOKUP(E5,LocationLookup[],2,FALSE) -> South-West Sydney | G5: 5 | H5: Poor | I5: Small | J5: No
A6: F001 | B6: Flipp Burgers | C6: AME | D6: =VLOOKUP(C6,CuisineLookup[],2,FALSE) -> American | E6: Marsden Park | F6: =VLOOKUP(E6,LocationLookup[],2,FALSE) -> North-West Sydney | G6: 8.3 | H6: Good | I6: Medium | J6: Yes
A7: F005 | B7: Gami Chicken | C7: KOR | D7: =VLOOKUP(C7,CuisineLookup[],2,FALSE) -> Korean | E7: World Square | F7: =VLOOKUP(E7,LocationLookup[],2,FALSE) -> Sydney CBD | G7: 7 | H7: Poor | I7: Medium | J7: Maybe
A8: F017 | B8: Gram cafe & pancakes | C8: JPN | D8: =VLOOKUP(C8,CuisineLookup[],2,FALSE) -> Japanese | E8: The Galeries | F8: =VLOOKUP(E8,LocationLookup[],2,FALSE) -> Sydney CBD | G8: 9 | H8: Average | I8: Medium | J8: Yes
A9: F003 | B9: Kabul House | C9: AFG | D9: =VLOOKUP(C9,CuisineLookup[],2,FALSE) -> Afghan | E9: Merrylands | F9: =VLOOKUP(E9,LocationLookup[],2,FALSE) -> Western Sydney | G9: 8 | H9: Poor | I9: Large | J9: Yes
A10: F015 | B10: Lonestar Ribhouse | C10: AME | D10: =VLOOKUP(C10,CuisineLookup[],2,FALSE) -> American | E10: Penrith | F10: =VLOOKUP(E10,LocationLookup[],2,FALSE) -> Outer-Western Sydney | G10: 9.3 | H10: Average | I10: Large | J10: Yes
A11: F013 | B11: Lukumades | C11: GRE | D11: =VLOOKUP(C11,CuisineLookup[],2,FALSE) -> Greek | E11: Chippendale | F11: =VLOOKUP(E11,LocationLookup[],2,FALSE) -> Sydney CBD | G11: 1.5 | H11: Poor | I11: Small | J11: No
A12: F004 | B12: Mataam Al Mandi | C12: YEM | D12: =VLOOKUP(C12,CuisineLookup[],2,FALSE) -> Yemeni | E12: Surry Hills | F12: =VLOOKUP(E12,LocationLookup[],2,FALSE) -> Sydney CBD | G12: 8 | H12: Average | I12: Large | J12: Yes
A13: F019 | B13: Metro Pita Kebab | C13: TUR | D13: =VLOOKUP(C13,CuisineLookup[],2,FALSE) -> Turkish | E13: Ultimo | F13: =VLOOKUP(E13,LocationLookup[],2,FALSE) -> Sydney CBD | G13: 7 | H13: Average | I13: Meidum | J13: Yes
... A21: F012 | B21: Yochi | C21: DES | D21: =VLOOKUP(C21,CuisineLookup[],2,FALSE) -> Dessert | E21: Chippendale | F21: =VLOOKUP(E21,LocationLookup[],2,FALSE) -> Sydney CBD | G21: 8 | H21: Average | I21: Medium | J21: Yes

Sheet Analysis
A1: Metric | B1: Result | D1: Cuisine | E1: Total Rating
A2: Average Restaurant Rating | B2: =AVERAGE(Food_Ratings!G2:G20) -> 7.1210526 | D2: American | E2: =SUMIF(Food_Ratings!$D$2:$D$21,D2,Food_Ratings!$G$2:$G$21) -> 35.6
A3: Number of Restaurants | B3: =COUNTA(Food_Ratings!B2:B20) -> 19 | D3: Portuguese | E3: =SUMIF(Food_Ratings!$D$2:$D$21,D3,Food_Ratings!$G$2:$G$21) -> 4.5
A4: Number of Restaurants Rated 8+ | B4: =COUNTIF(Food_Ratings!G2:G20,">=8") -> 10 | D4: Afghan | E4: =SUMIF(Food_Ratings!$D$2:$D$21,D4,Food_Ratings!$G$2:$G$21) -> 8
A5: Highest Restaurant Rating | B5: =MAX(Food_Ratings!G2:G20) -> 9.3 | D5: Yemeni | E5: =SUMIF(Food_Ratings!$D$2:$D$21,D5,Food_Ratings!$G$2:$G$21) -> 8
D6: Korean | E6: =SUMIF(Food_Ratings!$D$2:$D$21,D6,Food_Ratings!$G$2:$G$21) -> 15
D7: British | E7: =SUMIF(Food_Ratings!$D$2:$D$21,D7,Food_Ratings!$G$2:$G$21) -> 5
D8: Deli | E8: =SUMIF(Food_Ratings!$D$2:$D$21,D8,Food_Ratings!$G$2:$G$21) -> 8.5
D9: Japanese | E9: =SUMIF(Food_Ratings!$D$2:$D$21,D9,Food_Ratings!$G$2:$G$21) -> 18
D10: Dessert | E10: =SUMIF(Food_Ratings!$D$2:$D$21,D10,Food_Ratings!$G$2:$G$21) -> 8
D11: Greek | E11: =SUMIF(Food_Ratings!$D$2:$D$21,D11,Food_Ratings!$G$2:$G$21) -> 1.5
D12: Lebanese | E12: =SUMIF(Food_Ratings!$D$2:$D$21,D12,Food_Ratings!$G$2:$G$21) -> 8.2
D13: Chinese | E13: =SUMIF(Food_Ratings!$D$2:$D$21,D13,Food_Ratings!$G$2:$G$21) -> 16
D14: Turkish | E14: =SUMIF(Food_Ratings!$D$2:$D$21,D14,Food_Ratings!$G$2:$G$21) -> 7

Sheet Cuisine_Lookup
A1: Cuisine ID | B1: Cuisine
A2: AME | B2: American
A3: POR | B3: Portuguese
A4: AFG | B4: Afghan
A5: YEM | B5: Yemeni
A6: KOR | B6: Korean
A7: BRI | B7: British
A8: DLI | B8: Deli
A9: JPN | B9: Japanese
A10: DES | B10: Dessert
A11: GRE | B11: Greek
A12: LEB | B12: Lebanese
... A14: TUR | B14: Turkish

Sheet Location_Lookup
A1: Location | B1: Region
A2: Rouse Hill | B2: North-West Sydney
A3: Marsden Park | B3: North-West Sydney
A4: Merrylands | B4: Western Sydney
A5: Parramatta | B5: Western Sydney
A6: Haymarket | B6: Sydney CBD
A7: Ultimo | B7: Sydney CBD
A8: Chippendale | B8: Sydney CBD
A9: The Galeries | B9: Sydney CBD
A10: Edmonson Park | B10: South-West Sydney
A11: Oran Park | B11: South-West Sydney
A12: World Square | B12: Sydney CBD
... A17: Blacktown | B17: Western Sydney
